{
  "accuracy": 0.7897796817625459,
  "balanced_accuracy": 0.7231228261499718,
  "macro_f1": 0.6363941096322911,
  "weighted_f1": 0.7876116270656873,
  "epochs_ran": 65,
  "final_train_loss": 0.5114306807518005,
  "final_val_loss": 0.5604119300842285,
  "final_train_accuracy": 0.7824646830558777,
  "final_val_accuracy": 0.797429621219635
}